"","category","timePeriod","duration","definition","caption","madeForKids","views","likes","comments","viewsQuartile3","likesQuartile3","commentsQuartile3","likesQuartile9","commentsQuartile9","publishedAtMonth","publishedAtDay","publishedAtYear","age"
"1","science/tech","after",144,"hd","True","False",11.6977439019628,6.02102334934953,0,"1",1,1,"1","1",9,1,2021,16.7261430626047
"2","science/tech","before",90,"hd","False","False",11.4485682607271,6.34212141872115,2.19722457733622,"1",1,1,"1","1",2,4,2020,18.0355874099691
"3","entertainment","after",734,"hd","False","False",12.0395043519423,8.91274263473703,6.63594655568665,"1",2,2,"3","3",2,25,2022,14.9303829320202
"4","news/politics","during",282,"hd","False","False",11.4690571685136,7.49331724886215,4.78749174278205,"1",1,1,"2","2",7,12,2020,17.8102000751104
"5","comedy","after",279,"hd","False","False",12.5040713183839,8.4675826908629,4.30406509320417,"1",1,1,"3","1",1,10,2022,15.7696739834143
"6","news/politics","after",490,"hd","False","False",12.0782847275327,7.85166117788927,5.23644196282995,"1",1,1,"2","2",12,19,2021,16.0067036490687
"7","education","before",460,"hd","False","False",11.2851210687738,7.85515700588134,4.81218435537242,"1",1,1,"2","2",2,22,2019,18.4007085916876
"8","entertainment","before",707,"hd","False","False",11.8491333809475,8.39298958795693,5.47646355193151,"1",1,1,"3","3",6,28,2019,18.2832308153125
"9","news/politics","after",445,"hd","False","False",11.60943492535,7.91571319938212,5.71373280550937,"1",1,2,"2","3",1,23,2022,15.5944578000178
"10","news/politics","after",605,"hd","False","False",12.4445539695343,8.25764495820823,6.76388490856244,"1",1,2,"3","3",2,24,2022,14.9669515117348
"11","education","before",187,"hd","False","False",9.12019682212322,5.17614973257383,0,"1",1,1,"1","1",2,14,2020,18.022669759704
"12","education","after",865,"hd","False","False",11.3720298802654,7.76811037852599,3.87120101090789,"1",1,1,"2","1",8,9,2021,16.8275677027389
"13","entertainment","during",81,"hd","False","False",12.0044948721305,6.06842558824411,6.85540879860993,"1",1,2,"1","3",6,3,2021,17.0807505208645
"14","news/politics","before",255,"hd","False","False",11.9079226416265,7.13329595489607,4.80402104473326,"1",1,1,"1","2",11,13,2019,18.136063862333
"15","news/politics","during",297,"hd","False","False",11.5397134417266,7.67089483136212,5.38449506278909,"1",1,1,"2","3",4,20,2021,17.2164921496788
"16","entertainment","after",123,"hd","False","False",11.3128756878095,3.36729582998647,0.693147180559945,"1",1,1,"1","1",12,9,2021,16.0975597248643
"17","comedy","during",316,"hd","False","False",11.5835237138158,7.88193748927207,4.86753445045558,"1",1,1,"2","2",12,16,2020,17.5224223723956
"18","entertainment","before",638,"hd","False","False",12.4226225061661,10.1380457086656,6.24222326545517,"1",2,2,"3","3",5,24,2019,18.3169996284235
"19","comedy","during",362,"hd","True","False",12.2896230402241,8.59118687132456,5.4380793089232,"1",2,1,"3","3",5,29,2021,17.0968828328614
"20","entertainment","during",191,"hd","False","False",11.2538956350916,7.21964204013074,5.05624580534831,"1",1,1,"1","2",5,12,2020,17.9035250609015
"21","news/politics","after",286,"hd","False","False",11.1432521209601,7.26892012819372,4.44265125649032,"1",1,1,"1","1",10,31,2021,16.3946079733675
"22","education","before",102,"hd","False","True",11.8955449204735,7.39694860262101,0,"1",1,1,"2","1",7,28,2019,18.2527636943147
"23","news/politics","during",233,"hd","False","False",12.4032417630721,8.51398806046729,5.89164421182577,"1",1,2,"3","3",5,2,2021,17.179686975916
"24","news/politics","after",559,"hd","False","False",12.484454101019,8.26049285657318,6.72503364216684,"1",1,2,"3","3",1,20,2022,15.63701780834
"25","news/politics","during",366,"hd","False","False",11.6373177226332,7.61677580869837,5.03043792139244,"1",1,1,"2","2",11,29,2020,17.5582316342187
"26","entertainment","after",161,"hd","False","False",11.3072411109893,8.10832229017324,6.49978704065585,"1",1,2,"3","3",9,1,2021,16.7245060895403
"27","news/politics","before",244,"hd","False","False",11.3192072118407,6.59714570188665,3.63758615972639,"1",1,1,"1","1",5,19,2019,18.3219285783053
"28","science/tech","after",129,"hd","True","False",11.8452964457846,8.85822643936501,4.66343909411207,"1",2,1,"3","2",1,4,2022,15.840758155067
"29","news/politics","during",218,"hd","False","False",11.5226678534128,7.46164039220858,5.57215403217776,"1",1,1,"2","3",5,23,2021,17.114839024933
"30","entertainment","during",45,"hd","False","False",11.1601429357468,8.3351915834332,5.92425579741453,"1",1,2,"3","3",5,8,2021,17.1615685919822
"31","entertainment","after",632,"hd","False","False",11.9886501974506,7.40549566319947,3.58351893845611,"1",1,1,"2","1",8,24,2021,16.7636089910488
"32","news/politics","after",177,"hd","False","False",12.0417462011081,7.47986413116503,5.82600010738045,"1",1,2,"2","3",9,27,2021,16.5950624186889
"33","news/politics","before",494,"hd","False","False",11.3884161082514,7.83913164827433,5.24702407216049,"1",1,1,"2","2",11,3,2019,18.1472818988153
"34","entertainment","during",30,"hd","False","False",11.1149522226204,8.58185670474196,4.30406509320417,"1",1,1,"3","1",10,31,2020,17.6152708825008
"35","comedy","after",293,"hd","False","False",12.5658602401417,8.4071550862073,5.68697535633982,"1",1,2,"3","3",2,8,2022,15.3247399935006
"36","science/tech","before",127,"hd","False","False",10.8838604514342,5.88887795833288,4.0943445622221,"1",1,1,"1","1",5,17,2019,18.3237224086857
"37","science/tech","after",212,"hd","True","False",11.4504647836276,7.36581283720947,4.0943445622221,"1",1,1,"2","1",1,19,2022,15.6502768332727
"38","education","before",426,"hd","False","False",12.1265747893981,7.80710329012598,4.04305126783455,"1",1,1,"2","1",5,28,2019,18.3136461945483
"39","entertainment","after",133,"hd","False","False",11.4934571817748,5.98393628068719,3.04452243772342,"1",1,1,"1","1",10,3,2021,16.5638294485417
"40","news/politics","during",411,"hd","False","False",12.3702005299655,8.63034328934889,7.05272104923232,"1",2,2,"3","3",10,18,2020,17.6407196578131
"41","education","during",910,"hd","False","False",11.1480743297473,8.37930948405285,6.06378520868761,"1",1,2,"3","3",4,12,2020,17.9454033769654
"42","science/tech","during",172,"hd","False","False",12.5408899420646,9.34373425514671,7.39264752072162,"1",2,2,"3","3",4,7,2021,17.2516529866714
"43","entertainment","before",924,"hd","False","False",10.7486044649558,6.15909538849193,5.37527840768417,"1",1,1,"1","2",8,12,2019,18.2378809288111
"44","education","before",451,"hd","False","False",11.76137802423,8.38434727808281,3.40119738166216,"1",1,1,"3","1",8,12,2019,18.2373819177862
"45","news/politics","during",374,"hd","False","False",12.6186391456279,8.57659353469768,6.4118182677099,"1",1,2,"3","3",6,21,2020,17.8430900866531
"46","entertainment","during",1314,"hd","False","False",11.3412351952449,7.0352685992811,3.3322045101752,"1",1,1,"1","1",8,5,2020,17.7718853209629
"47","education","after",397,"hd","False","True",12.2302870950383,7.11314210870709,0,"1",1,1,"1","1",2,21,2022,15.0458210600101
"48","news/politics","after",447,"hd","False","False",11.2140071685924,7.54644627374602,5.06259503302697,"1",1,1,"2","2",12,19,2021,16.0070724659419
"49","education","before",105,"hd","True","False",11.2712487302749,6.45676965557216,5.51342874616498,"1",1,1,"1","3",2,24,2020,18.0095822430411
"50","education","after",515,"hd","False","False",12.5612054009072,9.48516514242541,6.71417052990947,"1",2,2,"3","3",2,11,2022,15.2653415322295
"51","news/politics","before",364,"hd","False","False",12.0666324014046,8.19973896063079,5.85220247977447,"1",1,2,"3","3",11,24,2019,18.1230693249606
"52","news/politics","during",426,"hd","False","False",11.814340309776,7.70300768247924,5.57594910314632,"1",1,1,"2","3",11,1,2020,17.6138921892033
"53","news/politics","after",233,"hd","False","False",12.1907559414183,8.73182058296211,4.77068462446567,"1",2,1,"3","2",12,7,2021,16.1171887398387
"54","news/politics","during",314,"hd","False","False",11.7866708716831,7.11882624906208,5.31320597904179,"1",1,1,"1","2",4,25,2021,17.2003630195647
"55","education","before",135,"hd","True","False",11.0009825506008,5.41164605185504,3.17805383034795,"1",1,1,"1","1",2,12,2019,18.4091925162418
"56","entertainment","after",802,"hd","False","False",11.4787169696404,7.47079377419506,4.95582705760126,"1",1,1,"2","2",1,30,2022,15.490509031575
"57","science/tech","after",101,"hd","False","False",9.84987578308748,4.98360662170834,0,"1",1,1,"1","1",9,8,2021,16.6930018285108
"58","education","during",667,"hd","True","False",12.4308548535129,8.55506684384432,6.28226674689601,"1",1,2,"3","3",10,5,2020,17.6643892698677
"59","news/politics","before",213,"hd","False","False",12.299061952373,7.7106533235012,5.78996017089725,"1",1,2,"2","3",12,22,2019,18.0900995072674
"60","science/tech","during",147,"hd","True","False",12.4455225231187,8.64646552712038,6.16120732169508,"1",2,2,"3","3",5,17,2021,17.1328967094279
"61","science/tech","after",483,"hd","True","False",11.2332909240977,7.69256964806791,4.58496747867057,"1",1,1,"2","2",10,25,2021,16.4319709899437
"62","education","during",159,"sd","True","False",11.7600823738431,7.86901937649902,3.29583686600433,"1",1,1,"2","1",9,29,2020,17.675674824961
"63","education","before",133,"hd","True","False",10.6788136190537,6.37161184723186,3.93182563272433,"1",1,1,"1","1",10,29,2019,18.1527576638578
"64","education","during",903,"hd","False","False",11.1235206964086,7.8407064517494,5.24174701505964,"1",1,1,"2","2",4,8,2021,17.2485837642351
"65","news/politics","before",382,"hd","False","False",11.1983653937102,7.09257371597468,3.91202300542815,"1",1,1,"1","1",11,15,2019,18.1333980983857
"66","news/politics","during",505,"hd","False","False",11.4580151105853,7.21376830811864,5.20948615284142,"1",1,1,"1","2",4,25,2021,17.2003914805781
"67","news/politics","during",291,"hd","False","False",12.3524647337452,9.00871366412422,7.11558212618445,"1",2,2,"3","3",10,11,2020,17.6538913289199
"68","news/politics","after",174,"hd","False","False",10.8931216786345,7.1929342212158,4.63472898822964,"1",1,1,"1","2",9,5,2021,16.7070150074564
"69","news/politics","after",395,"hd","False","False",12.3113241552471,8.02812905943176,6.82546003625531,"1",1,2,"2","3",2,20,2022,15.0688676356561
"70","news/politics","after",252,"hd","False","False",12.0326057700797,8.18535022317869,5.80814248998044,"1",1,2,"3","3",12,19,2021,16.0068444861104
"71","news/politics","during",353,"hd","False","False",11.9750418212946,7.8991534833431,5.18738580584075,"1",1,1,"2","2",5,23,2021,17.1148722415309
"72","entertainment","during",943,"hd","False","False",12.1403387435429,9.16534300604545,6.39692965521615,"1",2,2,"3","3",2,27,2021,17.3550767381141
"73","entertainment","before",740,"hd","False","False",11.4362927699226,9.13162178726478,6.79122146272619,"1",2,2,"3","3",11,14,2019,18.1346908522881
"74","news/politics","after",139,"hd","False","False",12.2286068328348,6.92067150424868,4.55387689160054,"1",1,1,"1","2",2,18,2022,15.1181683863505
"75","entertainment","after",92,"hd","False","False",11.0577237449522,6.31535800152233,4.30406509320417,"1",1,1,"1","1",8,15,2021,16.8024632535664
"76","education","after",262,"hd","True","False",10.6803322921176,6.53087762772588,3.58351893845611,"1",1,1,"1","1",9,14,2021,16.6633918005035
"77","news/politics","before",405,"hd","False","False",12.4940409270202,8.27384693278451,5.55295958492162,"1",1,1,"3","3",3,17,2019,18.3802805250556
"78","education","after",247,"hd","False","False",12.6128235932588,7.97933889526233,4.52178857704904,"1",1,1,"2","2",1,12,2022,15.7464229435691
"79","education","after",240,"sd","True","False",10.9714687976507,7.01391547481053,3.2188758248682,"1",1,1,"1","1",12,13,2021,16.0622405991377
"80","science/tech","after",429,"hd","False","False",12.2875097651747,8.21066803116298,6.39692965521615,"1",1,2,"3","3",2,22,2022,15.0089656445035
"81","news/politics","before",474,"hd","False","False",12.3365876183313,7.91315518592807,4.97673374242057,"1",1,1,"2","2",1,13,2019,18.4353602114241
"82","education","during",150,"hd","True","False",10.8401101833822,5.88332238848828,3.8286413964891,"1",1,1,"1","1",8,11,2020,17.7611042876841
"83","education","during",60,"hd","False","False",11.6223447327388,8.94624460933054,4.31748811353631,"1",2,1,"3","1",3,28,2021,17.2794009776571
"84","news/politics","after",314,"hd","False","False",11.238146455474,7.12367278520461,4.26267987704132,"1",1,1,"1","1",1,2,2022,15.8615323284453
"85","news/politics","during",514,"hd","False","False",12.0394393814005,7.81963630236759,5.41610040220442,"1",1,1,"2","3",8,9,2020,17.7646441672147
"86","education","before",5026,"hd","True","False",11.0988937681959,6.97914527506881,4.0943445622221,"1",1,1,"1","1",4,19,2019,18.349967711694
"87","education","after",314,"sd","True","False",11.2276139139444,6.96129604591017,3.46573590279973,"1",1,1,"1","1",10,5,2021,16.5510814988138
"88","news/politics","after",162,"hd","False","False",11.2340974130721,7.63482067774554,5.31811999384422,"1",1,1,"2","2",1,16,2022,15.6914720728145
"89","education","during",1312,"hd","False","False",11.1437874644971,8.30548401772769,6.1527326947041,"1",1,2,"3","3",12,2,2020,17.551836321298
"90","news/politics","before",618,"hd","False","False",12.6040934467491,8.65014941866486,6.41017488196617,"1",2,2,"3","3",12,8,2019,18.1066901096338
"91","news/politics","during",108,"hd","False","False",11.050223116386,7.35500192110526,3.87120101090789,"1",1,1,"1","1",3,15,2021,17.3142442155967
"92","education","during",139,"hd","False","False",11.5599235481308,5.7268477475872,2.77258872223978,"1",1,1,"1","1",9,29,2020,17.6758275101474
"93","education","after",251,"hd","True","False",11.3187458788229,6.04263283368238,4.89783979995091,"1",1,1,"1","2",2,21,2022,15.0508727210501
"94","education","after",610,"hd","False","False",11.2700255352903,7.94200680848986,4.33073334028633,"1",1,1,"2","1",12,24,2021,15.9610180084186
"95","entertainment","during",492,"hd","False","False",11.4492718854896,8.56293108309009,6.94697599213542,"1",1,2,"3","3",8,22,2020,17.742442648583
"96","news/politics","during",285,"hd","False","False",11.4486429110702,7.58222919427646,4.34380542185368,"1",1,1,"2","1",4,5,2021,17.2568430743125
"97","entertainment","during",498,"hd","False","False",11.1433823660381,7.08506429395255,4.00733318523247,"1",1,1,"1","1",11,24,2020,17.5684979248923
"98","science/tech","after",320,"hd","False","False",10.8163724912754,4.82028156560504,1.94591014905531,"1",1,1,"1","1",2,17,2022,15.1398880251437
"99","news/politics","during",412,"hd","False","False",12.554512272139,8.86333283343959,7.23993259132047,"1",2,2,"3","3",1,24,2021,17.4364312485744
"100","science/tech","before",183,"hd","True","False",12.4923862821005,4.62497281328427,1.79175946922805,"1",1,1,"1","1",3,28,2019,18.3705466616293
"101","entertainment","after",491,"hd","False","False",11.3634505035812,8.93102321585603,6.19847871649231,"1",2,2,"3","3",2,18,2022,15.1154681326889
"102","science/tech","before",173,"hd","True","False",10.547103044065,5.74939298590825,4.00733318523247,"1",1,1,"1","1",2,26,2020,18.0071635748362
"103","science/tech","after",1319,"hd","False","False",11.1290995319655,6.68085467879022,4.90527477843843,"1",1,1,"1","2",1,21,2022,15.6229658671565
"104","education","after",387,"hd","False","False",10.8666046167618,8.24485939591126,6.33150184989369,"1",1,2,"3","3",1,25,2022,15.5645660545283
"105","education","during",116,"hd","False","False",11.2749347378038,7.91315518592807,7.86018505747217,"1",1,3,"2","3",5,17,2021,17.13284770167
"106","science/tech","after",2272,"hd","True","False",11.5177637416105,3.87120101090789,1.79175946922805,"1",1,1,"1","1",1,14,2022,15.7186311531233
"107","science/tech","after",1215,"hd","False","False",10.4714965898296,7.81601383915903,4.62497281328427,"1",1,1,"2","2",1,7,2022,15.80053056238
"108","news/politics","before",158,"hd","False","False",11.7042150221039,7.79234892411304,5.03043792139244,"1",1,1,"2","2",10,6,2019,18.1786239724522
"109","education","during",1068,"hd","False","False",11.2500010436442,7.74022952476318,5.51745289646471,"1",1,1,"2","3",2,22,2021,17.3662992125657
"110","news/politics","after",459,"hd","False","False",11.4639872898477,7.45876269238096,4.35670882668959,"1",1,1,"2","1",11,14,2021,16.297974142564
"111","science/tech","during",134,"hd","False","False",11.2817875436636,8.55814317774519,4.7361984483945,"1",1,1,"3","2",7,30,2020,17.7811235802925
"112","news/politics","after",197,"hd","False","False",11.033243147973,7.11232744471091,4.00733318523247,"1",1,1,"1","1",1,9,2022,15.7799112694532
"113","news/politics","after",285,"hd","False","False",11.9369440545035,8.02975852044082,4.74493212836325,"1",1,1,"2","2",1,30,2022,15.4862429854333
"114","news/politics","after",229,"hd","False","False",12.3851012866233,8.05388708361822,5.01063529409626,"1",1,1,"2","2",1,6,2022,15.8226606688873
"115","science/tech","during",192,"hd","True","False",11.423678864456,8.27308133366583,5.40717177146012,"1",1,1,"3","3",4,23,2021,17.2070532494006
"116","entertainment","after",81,"hd","False","False",12.3453953610245,6.84374994900622,5.19295685089021,"1",1,1,"1","2",8,9,2021,16.8290822584873
"117","news/politics","after",136,"hd","False","False",11.9648033102319,6.60934924316738,4.34380542185368,"1",1,1,"1","1",11,28,2021,16.1914054046204
"118","entertainment","before",675,"hd","True","False",11.578544651978,8.49269555981584,6.74405918631135,"1",1,2,"3","3",9,30,2019,18.1853733369956
"119","education","during",342,"hd","False","False",12.5651342391534,8.8065738205036,5.28826703069454,"1",2,1,"3","2",4,23,2020,17.930450831601
"120","entertainment","during",738,"hd","False","False",12.1600287070288,9.37551576993517,5.97888576490112,"1",2,2,"3","3",10,13,2020,17.6503922044
"121","entertainment","after",79,"hd","False","False",11.7027852048025,8.4448375292241,4.39444915467244,"1",1,1,"3","1",2,28,2022,14.851530164455
"122","news/politics","before",474,"hd","False","False",11.7897614304812,7.64491934495886,5.05624580534831,"1",1,1,"2","2",5,12,2019,18.3285600602932
"123","news/politics","during",143,"hd","False","False",11.0087940515636,7.62657020629066,5.10594547390058,"1",1,1,"2","2",1,10,2021,17.4682445654419
"124","education","after",911,"hd","False","False",11.1794507313448,8.49576524400262,6.00635315960173,"1",1,2,"3","3",2,20,2022,15.0632293976333
"125","science/tech","before",121,"hd","False","False",12.3443987750105,6.79122146272619,3.85014760171006,"1",1,1,"1","1",3,22,2019,18.3757353431986
"126","education","before",535,"hd","False","False",10.9479603951036,7.82404601085629,5.54517744447956,"1",1,1,"2","3",10,18,2019,18.1649341682006
"127","news/politics","during",249,"hd","False","False",11.9112383904213,7.9035962896143,5.02388052084628,"1",1,1,"2","2",10,29,2020,17.6197762220859
"128","science/tech","before",126,"hd","True","False",11.0740638500435,5.53733426701854,2.94443897916644,"1",1,1,"1","1",3,14,2019,18.3831323748519
"129","entertainment","during",169,"hd","False","True",11.5792093370962,6.95177216439891,0,"1",1,1,"1","1",4,25,2020,17.9271835945175
"130","news/politics","during",377,"hd","False","False",11.4237663286504,7.88231491898027,5.29831736654804,"1",1,1,"2","2",1,31,2021,17.42012866846
"131","science/tech","before",294,"hd","False","False",11.0693378404699,6.49828214947643,3.71357206670431,"1",1,1,"1","1",1,11,2019,18.437209862297
"132","entertainment","after",469,"hd","False","False",12.5097117250561,8.0925452638913,4.58496747867057,"1",1,1,"3","2",1,26,2022,15.5575754541685
"133","news/politics","during",509,"hd","False","False",12.4648690141588,8.62443194208584,5.94542060860658,"1",2,2,"3","3",6,27,2021,16.9964950896088
"134","entertainment","after",73,"hd","False","False",12.3821832877974,8.53503310954457,4.85981240436167,"1",1,1,"3","2",12,9,2021,16.1003303788439
"135","news/politics","after",342,"hd","False","False",11.0155588608884,7.37211802833779,4.65396035015752,"1",1,1,"2","2",10,3,2021,16.5630967430295
"136","education","before",1499,"hd","False","False",11.5743967870583,7.92551897978693,4.92725368515721,"1",1,1,"2","2",5,19,2019,18.3218985326164
"137","education","after",406,"hd","False","False",11.4787273175903,8.55043452519604,5.14166355650266,"1",1,1,"3","2",2,27,2022,14.8816612921457
"138","education","during",466,"hd","False","False",10.3833796295322,6.58617165485467,4.66343909411207,"1",1,1,"1","2",2,11,2021,17.3946871654662
"139","news/politics","during",512,"hd","False","False",11.7689465771938,8.03883475778775,5.83188247728352,"1",1,2,"2","3",6,13,2021,17.0454780818791
"140","science/tech","before",238,"hd","False","False",10.1859183612052,6.20253551718792,0,"1",1,1,"1","1",12,17,2019,18.0962671191478
"141","news/politics","during",584,"hd","False","False",11.8015645793113,7.45124168498768,4.54329478227,"1",1,1,"2","2",1,31,2021,17.4201547508382
"142","education","before",396,"hd","False","False",10.024465479089,6.75460409948796,3.71357206670431,"1",1,1,"1","1",11,25,2019,18.1215897431444
"143","entertainment","during",31,"hd","False","False",11.1950590613411,7.94342776787637,6.65929391968364,"1",1,2,"2","3",5,6,2021,17.1674900690036
"144","science/tech","after",365,"hd","False","False",12.3588538165797,8.07153089355666,5.87773578177964,"1",1,2,"3","3",1,4,2022,15.8450251082814
"145","science/tech","after",81,"hd","True","False",11.1200902627621,7.69984240739699,4.60517018598809,"1",1,1,"2","2",1,13,2022,15.72869604874
"146","education","during",687,"hd","False","False",11.6846578202099,9.12847934549586,5.41164605185504,"1",2,1,"3","3",10,29,2020,17.619489227286
"147","news/politics","after",282,"hd","False","False",12.1887891425742,7.95296679092313,4.84418708645859,"1",1,1,"2","2",10,31,2021,16.3943748824247
"148","science/tech","before",236,"hd","False","False",11.6963713894259,7.02108396428914,5.11799381241676,"1",1,1,"1","2",1,16,2019,18.4330709671331
"149","entertainment","before",394,"hd","False","False",12.0789151819067,7.04490511712937,4.34380542185368,"1",1,1,"1","1",10,29,2019,18.153624463172
"150","news/politics","after",433,"hd","False","False",11.95756641343,7.80139132029149,4.82028156560504,"1",1,1,"2","2",9,12,2021,16.6728002558959
"151","news/politics","during",431,"hd","False","False",12.0502664293919,8.05642676752298,6.05678401322862,"1",1,2,"2","3",5,30,2021,17.0922256892569
"152","entertainment","before",643,"hd","False","False",11.1329087813157,6.93244789157251,3.95124371858143,"1",1,1,"1","1",10,31,2019,18.1509171720029
"153","education","during",235,"hd","True","True",11.1890495604019,5.95842469302978,0,"1",1,1,"1","1",11,13,2020,17.5904330203502
"154","science/tech","before",398,"hd","False","False",11.7596761619199,6.44094654063292,2.70805020110221,"1",1,1,"1","1",2,7,2020,18.0318743999066
"155","science/tech","during",106,"hd","True","False",12.4920895824129,9.13464652760698,6.62671774924902,"1",2,2,"3","3",11,25,2020,17.5663118157198
"156","entertainment","during",595,"hd","False","False",11.6151751469986,8.89439598980643,6.22257626807137,"1",2,2,"3","3",3,17,2021,17.3088854601978
"157","education","during",1161,"hd","False","False",12.2570746474962,8.64558640618464,4.52178857704904,"1",2,1,"3","2",1,24,2021,17.4367100016262
"158","science/tech","before",151,"hd","True","False",11.2929892646025,5.56068163101553,2.07944154167984,"1",1,1,"1","1",4,12,2019,18.3564339242658
"159","entertainment","before",379,"hd","False","True",11.1659320746075,4.57471097850338,0,"1",1,1,"1","1",8,30,2019,18.2188974175237
"160","entertainment","before",4262,"hd","False","False",11.0898206886824,8.29928590689727,5.91350300563827,"1",1,2,"3","3",2,7,2019,18.4138317228628
"161","entertainment","after",1215,"hd","True","False",12.3282947030234,8.67282848294769,5.62401750618734,"1",2,1,"3","3",2,23,2022,14.9899696870304
"162","entertainment","after",114,"hd","False","False",11.4983193125809,6.94505106372583,4.64439089914137,"1",1,1,"1","2",8,27,2021,16.7480314293686
"163","news/politics","after",176,"hd","False","False",12.2694980473803,8.77152528418647,6.40025744530882,"1",2,2,"3","3",10,3,2021,16.562858264143
"164","news/politics","before",163,"hd","False","False",11.8802524736873,7.72797554210556,4.63472898822964,"1",1,1,"2","2",10,13,2019,18.1708780624063
"165","news/politics","during",503,"hd","False","False",11.963625217523,7.99530662029082,5.0998664278242,"1",1,1,"2","2",5,2,2021,17.1796392744891
"166","entertainment","during",96,"hd","False","True",12.3015464483112,6.80461452006262,0,"1",1,1,"1","1",4,4,2021,17.2599971919614
"167","news/politics","after",301,"hd","False","False",11.0276376249921,6.97166860472579,4.57471097850338,"1",1,1,"1","2",2,6,2022,15.3659243171486
"168","entertainment","after",68,"hd","False","False",11.5992682851922,4.87519732320115,1.6094379124341,"1",1,1,"1","1",9,29,2021,16.584391226362
"169","education","during",657,"hd","False","False",11.6941881280007,9.16722408090255,4.7361984483945,"1",2,1,"3","2",4,9,2020,17.949402510744
"170","entertainment","before",602,"hd","False","False",11.6871308411619,9.78267493231938,5.73657229747919,"1",2,2,"3","3",7,8,2019,18.2728275797494
"171","education","after",2732,"hd","True","False",12.0284341062726,8.24800570160062,4.12713438504509,"1",1,1,"3","1",2,19,2022,15.0949413299327
"172","science/tech","during",120,"hd","True","False",12.1294831353679,9.06357899058078,6.67203294546107,"1",2,2,"3","3",12,9,2020,17.5370393250302
"173","entertainment","before",652,"hd","False","False",11.9956108398719,9.2135352628727,5.78689738136671,"1",2,2,"3","3",9,12,2019,18.2045785812719
"174","education","after",3618,"hd","False","False",10.473393076238,7.53208814354172,5.08140436498446,"1",1,1,"2","2",2,28,2022,14.8490021115967
"175","news/politics","before",475,"hd","False","False",12.5933500216965,8.02845516411425,6.44730586254121,"1",1,2,"2","3",2,9,2020,18.0292660597176
"176","entertainment","after",102,"hd","False","False",11.5033598601005,6.75227037614174,4.53259949315326,"1",1,1,"1","2",8,20,2021,16.7797366844309
"177","education","during",279,"sd","False","False",8.65608519028286,6.0137151560428,3.2188758248682,"1",1,1,"1","1",4,17,2021,17.222530488972
"178","entertainment","before",949,"hd","False","False",11.2040742319408,7.20414929203594,4.4188406077966,"1",1,1,"1","1",7,9,2019,18.2718375212902
"179","news/politics","after",369,"hd","False","False",11.8284439834729,7.91607809630279,5.52146091786225,"1",1,1,"2","3",12,12,2021,16.0723739641932
"180","science/tech","after",124,"hd","False","False",12.5044572411151,9.12619760386375,5.58724865840025,"1",2,1,"3","3",11,22,2021,16.2374480323251
"181","entertainment","before",601,"hd","False","False",12.2897977954523,8.63550941823428,4.81218435537242,"1",2,1,"3","2",8,2,2019,18.2480928450347
"182","news/politics","during",331,"hd","False","False",12.200708283031,7.84149292446001,6.26149168432104,"1",1,2,"2","3",10,18,2020,17.6407787716638
"183","news/politics","during",170,"hd","False","False",11.695280354542,7.64683139143048,5.37989735354046,"1",1,1,"2","2",2,21,2021,17.3694968068935
"184","news/politics","during",249,"hd","False","False",10.9916959074888,6.87316383421252,4.44265125649032,"1",1,1,"1","1",3,28,2021,17.2791886574383
"185","entertainment","during",1109,"hd","False","False",11.2502091385362,8.47135865507244,6.40191719672719,"1",1,2,"3","3",6,14,2021,17.0412109623237
"186","entertainment","before",855,"hd","False","False",11.3160464608413,7.71868549519847,4.67282883446191,"1",1,1,"2","2",10,18,2019,18.1653225793504
"187","education","before",678,"hd","False","False",12.2759997471549,9.33890947277089,6.97634807044775,"1",2,2,"3","3",10,16,2019,18.1680675726698
"188","news/politics","during",436,"hd","True","False",12.4689636942994,7.96206730875367,5.62040086571715,"1",1,1,"2","3",6,23,2021,17.0104200714215
"189","news/politics","after",398,"hd","False","False",11.5585009437615,7.56682847920833,5.17048399503815,"1",1,1,"2","2",11,28,2021,16.1914499177189
"190","entertainment","before",281,"hd","False","False",12.0964419143548,6.77878489768518,6.19644412779452,"1",1,2,"1","3",7,26,2019,18.2550565864559
"191","news/politics","before",327,"hd","False","False",11.2677024463256,7.45298232946546,4.89783979995091,"1",1,1,"2","2",2,23,2020,18.0112379001326
"192","news/politics","during",465,"hd","False","False",12.5590086081821,8.49290049884719,6.72262979485545,"1",1,2,"3","3",5,9,2021,17.1588362832542
"193","entertainment","during",868,"hd","False","False",11.1535468694572,8.18479265416508,5.87493073085203,"1",1,2,"3","3",3,4,2021,17.3414003835837
"194","news/politics","after",275,"hd","False","False",12.3605261366483,8.8446246833853,5.03043792139244,"1",2,1,"3","2",12,14,2021,16.0550385919137
"195","science/tech","after",225,"hd","True","False",11.2746302040553,5.65248918026865,3.29583686600433,"1",1,1,"1","1",2,7,2022,15.3456848924578
"196","education","during",1106,"hd","False","False",11.2484389501216,7.41336733569524,4.43081679884331,"1",1,1,"2","1",1,28,2021,17.4283929181956
"197","education","during",609,"hd","False","False",11.252144945716,6.2363695902037,3.76120011569356,"1",1,1,"1","1",3,16,2021,17.3104168077122
"198","entertainment","after",861,"hd","True","False",12.5256820722116,9.73713776525187,7.21670948670946,"1",2,2,"3","3",2,19,2022,15.0994313270142
"199","news/politics","after",252,"hd","False","False",11.5915795165994,7.62608275807238,4.93447393313069,"1",1,1,"2","2",11,29,2021,16.1866533344314
"200","entertainment","during",277,"hd","False","False",11.4073649293097,7.4500795698075,4.82028156560504,"1",1,1,"2","2",2,21,2021,17.368621833999
"201","science/tech","before",305,"hd","False","False",11.4837643836272,6.93147180559945,5.32787616878958,"1",1,1,"1","2",8,20,2019,18.2286682533789
"202","entertainment","during",481,"hd","False","False",11.3122281024858,8.090708716084,6.02586597382531,"1",1,2,"3","3",1,13,2021,17.4624335461636
"203","news/politics","during",458,"hd","False","False",14.4396720098689,10.0632226106573,7.72577144158795,"2",2,3,"5","6",11,15,2020,17.5864463832775
"204","education","before",250,"hd","False","False",12.6621358064014,8.70284253830287,4.34380542185368,"2",2,1,"4","4",12,9,2019,18.105684972195
"205","news/politics","after",532,"hd","False","False",12.9949390131487,8.48322267184508,6.40522845803084,"2",1,2,"4","5",12,5,2021,16.1335476515172
"206","comedy","during",192,"hd","True","False",13.9009173149061,9.75979037727894,6.14846829591765,"2",2,2,"5","4",9,25,2020,17.6838726888962
"207","education","before",419,"hd","False","False",12.9055348443229,10.0046894330451,7.1693500166706,"2",2,2,"5","6",3,10,2019,18.3863012642942
"208","comedy","during",294,"hd","True","False",13.8369853158823,10.8253626627042,6.95749737087695,"2",3,2,"6","5",2,24,2021,17.3630805917264
"209","news/politics","before",416,"hd","False","False",13.161801374642,8.7681075396758,6.64509096950564,"2",2,2,"4","5",3,10,2019,18.3865557949116
"210","comedy","during",254,"hd","True","False",12.9091132246296,8.846209127361,5.47646355193151,"2",2,1,"4","4",5,6,2021,17.1688610154662
"211","education","during",269,"hd","True","False",13.3605768055711,8.10016144693661,1.38629436111989,"2",1,1,"4","4",11,24,2020,17.5688141126075
"212","music","during",204,"hd","False","False",14.5772057110583,11.461758478395,8.55814317774519,"2",3,3,"6","6",6,11,2021,17.0537178403221
"213","education","during",652,"hd","False","False",13.3675267041674,9.94850871818365,8.22067217029725,"2",2,3,"5","6",1,18,2021,17.4493510007173
"214","comedy","during",305,"hd","True","False",13.7283675359462,10.7366792442406,6.88755257166462,"2",2,2,"6","5",6,22,2021,17.0156791689519
"215","comedy","after",399,"hd","True","False",14.419609561392,10.4777385781522,7.56475701290573,"2",2,3,"6","6",2,27,2022,14.8885513312534
"216","news/politics","after",223,"hd","False","False",14.2160421831002,11.091010801731,7.31388683163346,"2",3,2,"6","6",10,21,2021,16.4554394362421
"217","comedy","after",256,"hd","True","False",14.6181164451142,10.7132392968494,7.95752740223077,"2",2,3,"6","6",11,21,2021,16.2487364698971
"218","comedy","after",256,"hd","True","False",14.6257405290662,10.5400379262313,7.36137542897735,"2",2,2,"6","6",1,23,2022,15.5992344952744
"219","science/tech","after",150,"hd","True","False",12.676654232726,9.25435725739296,6.56244409369372,"2",2,2,"5","5",12,20,2021,15.9957602062945
"220","comedy","after",123,"hd","True","False",14.5115061778663,10.8250046033819,7.27031288607902,"2",3,2,"6","6",11,21,2021,16.2483735441889
"221","entertainment","after",188,"hd","False","False",14.047250652888,10.8324970568181,6.98564181763921,"2",3,2,"6","5",2,10,2022,15.2903623503158
"222","news/politics","during",444,"hd","False","False",12.7185519012928,8.33758794211651,6.12686918411419,"2",1,2,"4","4",1,31,2021,17.420107453928
"223","comedy","during",691,"hd","True","False",13.0864999024151,8.96059613886479,5.68017260901707,"2",2,2,"4","4",6,17,2021,17.0332390448919
"224","news/politics","during",152,"hd","True","False",14.6056170123707,10.1882528754065,9.16377273615985,"2",2,3,"6","6",5,4,2020,17.914125804485
"225","education","after",461,"hd","True","False",14.128150329819,11.1355520640282,7.24064969425547,"2",3,2,"6","6",11,2,2021,16.3818115400311
"226","education","during",115,"hd","False","False",14.1514040557199,9.60965326059915,5.73334127689775,"2",2,2,"5","4",4,13,2021,17.2346111825342
"227","music","during",228,"hd","False","False",13.8463530020045,9.58575855873205,6.07534603108868,"2",2,2,"5","4",7,31,2020,17.7798598110999
"228","news/politics","before",363,"hd","False","False",14.6524749255297,10.1313798108725,7.58731050602262,"2",2,3,"5","6",2,3,2019,18.417325812458
"229","education","before",1197,"hd","False","False",13.2432243380527,10.2900076654765,7.02197642307216,"2",2,2,"6","5",6,20,2019,18.2914137999137
"230","news/politics","before",503,"hd","False","False",13.504997838388,10.5113763641442,7.84737183615979,"2",2,3,"6","6",4,23,2019,18.3462698212984
"231","comedy","after",154,"hd","True","False",14.0811617223452,9.894497260698,6.13339804299665,"2",2,2,"5","4",11,14,2021,16.3005763617533
"232","education","before",204,"hd","False","False",13.0760576245278,9.04640868029382,5.28826703069454,"2",2,1,"4","4",5,7,2019,18.3331994383818
"233","science/tech","before",117,"hd","False","False",13.370091828191,10.0948514373143,5.85507192220243,"2",2,2,"5","4",6,28,2019,18.2830448708893
"234","education","during",428,"hd","False","False",14.547718823553,10.3201892925703,9.38790061166843,"2",2,3,"6","6",6,23,2021,17.0115963721467
"235","education","during",293,"hd","False","False",13.2537459629958,9.01383875160839,5.59842195899838,"2",2,1,"4","4",5,16,2020,17.8978442610688
"236","news/politics","before",409,"hd","False","False",13.8991474143249,9.11162439903702,6.91174730025167,"2",2,2,"4","5",5,19,2019,18.3219131030118
"237","education","during",335,"hd","False","False",13.7125815282915,9.40689351101686,5.38449506278909,"2",2,1,"5","4",9,13,2020,17.7048949528947
"238","comedy","during",458,"hd","True","False",14.3951827225114,10.4235900130823,7.75319426988434,"2",2,3,"6","6",12,15,2020,17.5257466518595
"239","comedy","during",136,"hd","True","False",14.745064148012,11.1690962318954,8.05769419481559,"2",3,3,"6","6",5,13,2020,17.9020978267013
"240","comedy","during",325,"hd","True","False",13.2884793298514,9.38084235196479,6.16120732169508,"2",2,2,"5","4",5,22,2021,17.1193107067746
"241","education","after",269,"hd","True","False",13.7070541438433,9.57366316988638,6.70073110954781,"2",2,2,"5","5",1,28,2022,15.5147025161645
"242","music","during",228,"hd","True","False",14.4725791636799,10.6088597027186,7.46278915741245,"2",2,2,"6","6",9,9,2020,17.7115015344472
"243","music","after",228,"hd","False","False",13.2482591930646,9.43707745880052,6.40191719672719,"2",2,2,"5","5",2,15,2022,15.1853668004756
"244","news/politics","before",610,"hd","False","False",13.0381596915222,9.40582491529642,7.23273313617761,"2",2,2,"5","6",9,22,2019,18.1939164581831
"245","education","before",135,"hd","False","False",13.1612955874061,8.98029807897082,6.51323011091231,"2",2,2,"4","5",8,5,2019,18.2445541785129
"246","news/politics","before",314,"hd","False","False",12.9044710144353,8.75542238014849,6.30261897574491,"2",2,2,"4","5",11,24,2019,18.1230745768366
"247","education","after",309,"hd","True","False",13.2209318794702,9.94328502241019,6.24027584517077,"2",2,2,"5","5",2,3,2022,15.4185301167637
"248","music","after",210,"hd","False","False",14.7237646826475,10.6938068148483,6.92755790627832,"2",2,2,"6","5",10,29,2021,16.4101644874756
"249","news/politics","before",427,"hd","False","False",13.1223313768923,8.72095002893026,6.71659477352098,"2",2,2,"4","5",2,23,2020,18.0112291654193
"250","education","during",130,"hd","False","False",12.8692707977203,8.08978917578932,6.78219205600679,"2",1,2,"4","5",3,4,2021,17.3415019556379
"251","education","before",630,"hd","True","False",13.3622539118935,9.36930800307183,6.29156913955832,"2",2,2,"5","5",12,10,2019,18.1044695452274
"252","science/tech","before",118,"hd","False","False",13.2005773370139,9.75492953789498,6.37842618365159,"2",2,2,"5","5",8,26,2019,18.222766185741
"253","entertainment","after",706,"hd","True","False",14.5046883709981,11.5823302516085,7.86748856869913,"2",3,3,"6","6",1,19,2022,15.6480264195608
"254","news/politics","after",276,"hd","False","False",12.6584817702812,8.70731756027321,6.31535800152233,"2",2,2,"4","5",11,29,2021,16.1870457081954
"255","science/tech","after",90,"hd","True","False",12.7707356746871,9.19998695989669,6.52502965784346,"2",2,2,"5","5",12,19,2021,16.0107326872946
"256","news/politics","after",365,"hd","False","False",13.2439064463784,9.0864763847538,7.10332206252611,"2",2,2,"4","6",1,30,2022,15.4869537856776
"257","news/politics","before",322,"hd","False","False",12.8267082712915,8.56254889313703,6.25958146406492,"2",1,2,"4","5",9,22,2019,18.1938910284532
"258","science/tech","after",378,"hd","True","False",14.4944878177097,10.7051078994267,6.89162589705225,"2",2,2,"6","5",8,12,2021,16.8155879278996
"259","science/tech","after",150,"hd","False","False",13.1313191544468,3.13549421592915,1.38629436111989,"2",1,1,"4","4",1,27,2022,15.5340686695804
"260","education","before",613,"hd","True","False",13.371009359659,9.49987073528558,5.75574221358691,"2",2,2,"5","4",1,14,2019,18.4343613561715
"261","comedy","during",393,"hd","True","False",12.9402274033888,8.85708813531495,5.17048399503815,"2",2,1,"4","4",6,24,2021,17.0086723527728
"262","news/politics","before",556,"hd","False","False",14.5452991666414,10.2650704328274,8.29654652030061,"2",2,3,"6","6",3,17,2019,18.3802946544117
"263","news/politics","before",325,"hd","False","False",14.1893976198626,9.34110544185573,7.01481435127554,"2",2,2,"5","5",7,28,2019,18.2528559514611
"264","news/politics","after",444,"hd","False","False",12.9929765271436,8.88765269032559,6.73221070646721,"2",2,2,"4","5",12,26,2021,15.9370125269898
"265","comedy","after",217,"hd","True","False",14.2368083319865,10.3383496374951,7.02019070831193,"2",2,2,"6","5",11,7,2021,16.3497870451486
"266","science/tech","after",257,"hd","True","False",13.1816204763522,9.0067543198775,4.81218435537242,"2",2,1,"4","4",9,22,2021,16.6214126756164
"267","comedy","during",502,"hd","True","False",14.4531730408866,10.2980265205107,7.92804560087478,"2",2,3,"6","6",2,26,2021,17.3580969633836
"268","news/politics","before",455,"hd","False","False",12.8369108177408,8.81700144366586,6.76849321164863,"2",2,2,"4","5",5,26,2019,18.3152609820951
"269","news/politics","after",175,"hd","False","False",13.8374197883427,9.30164253038297,6.80461452006262,"2",2,2,"5","5",1,17,2022,15.6787394738782
"270","news/politics","during",450,"hd","False","False",13.3792449470234,9.01237711919227,7.54274354536855,"2",2,2,"4","6",5,23,2021,17.1148101994132
"271","education","after",602,"hd","False","False",13.8518559876027,10.6639428528522,7.82923253754359,"2",2,3,"6","6",8,20,2021,16.7798759957688
"272","news/politics","before",436,"hd","False","False",14.7284657330489,10.6137376409957,8.67556352738768,"2",2,3,"6","6",5,12,2019,18.328571705025
"273","comedy","during",319,"hd","True","False",13.534075598273,9.28748658115284,5.8636311755981,"2",2,2,"5","4",3,5,2021,17.3404496021675
"274","comedy","during",274,"hd","True","False",13.1513355998746,8.95144010094985,5.50125821054473,"2",2,1,"4","4",5,11,2021,17.1536466557253
"275","education","after",57,"hd","False","True",13.9341803114813,9.93459854756118,0,"2",2,1,"5","4",8,14,2021,16.807669304068
"276","science/tech","after",60,"hd","True","False",14.3573265801081,11.3824180668904,7.1785454837637,"2",3,2,"6","6",11,26,2021,16.2054186543874
"277","education","before",217,"hd","False","False",13.7198539181496,9.12576239550089,5.2257466737132,"2",2,1,"4","4",1,30,2020,18.0419598497777
"278","news/politics","after",199,"hd","False","False",14.6557026607181,11.1720535640043,7.85593219971861,"2",3,3,"6","6",8,10,2021,16.8259736975806
"279","entertainment","after",609,"hd","False","False",13.4754791951609,8.58858318750291,4.00733318523247,"2",1,1,"4","4",8,2,2021,16.8585503733366
"280","comedy","during",312,"hd","True","False",13.4983241484544,9.24705795491135,5.84354441703136,"2",2,2,"5","4",10,10,2020,17.6563862871269
"281","entertainment","after",734,"hd","True","False",13.9597580772544,10.0649258984137,7.61035761831284,"2",2,3,"5","6",2,28,2022,14.841083943846
"282","music","during",350,"hd","False","False",14.5531085010946,9.08330213880546,6.26530121273771,"2",2,2,"4","5",3,5,2021,17.3404462739048
"283","music","before",226,"hd","False","False",14.420025412142,10.1535456363912,6.95368421087054,"2",2,2,"5","5",10,25,2019,18.1578238931842
"284","education","after",153,"hd","True","False",12.6764012219748,5.97888576490112,2.19722457733622,"2",1,1,"4","4",2,17,2022,15.1418943391541
"285","education","during",380,"hd","False","False",13.0122426610582,8.86035727332702,6.36818718635049,"2",2,2,"4","5",2,3,2021,17.4129816826455
"286","news/politics","during",441,"hd","False","False",13.5714101885318,9.5792797987349,6.87419849545329,"2",2,2,"5","5",6,7,2020,17.8644340068863
"287","comedy","after",265,"hd","True","False",14.7490300192644,10.5794631415877,7.70841066725737,"2",2,3,"6","6",1,30,2022,15.4913762682283
"288","comedy","after",161,"hd","True","False",14.1185227710377,10.5982584142122,7.23993259132047,"2",2,2,"6","6",2,2,2022,15.4371868746832
"289","comedy","after",424,"hd","True","False",14.4208505904473,10.7259290369245,7.54327334670545,"2",2,2,"6","6",2,27,2022,14.8913760896365
"290","education","before",266,"sd","True","False",12.6668179231998,8.67914195840225,4.40671924726425,"2",2,1,"4","4",9,30,2019,18.1850524060136
"291","music","before",254,"hd","False","False",14.7355307268349,10.6311810768487,7.56008046502183,"2",2,3,"6","6",10,25,2019,18.1578230477675
"292","comedy","after",258,"hd","True","False",13.8352690666402,10.0479341569012,6.77992190747225,"2",2,2,"5","5",2,27,2022,14.8897328132603
"293","comedy","during",408,"hd","True","False",14.4709241989799,10.1909571024066,6.81783057145415,"2",2,2,"6","5",5,25,2021,17.1096877882756
"294","music","after",215,"hd","False","False",14.0694439980821,10.3525866976644,7.03702761468628,"2",2,2,"6","5",9,17,2021,16.6482513786342
"295","science/tech","before",161,"hd","False","False",13.2909358471987,3.66356164612965,1.38629436111989,"2",1,1,"4","4",9,16,2019,18.2004868381535
"296","comedy","during",305,"hd","True","False",13.1493265809825,9.10497985631836,6.09807428216624,"2",2,2,"4","4",1,22,2021,17.4419964954394
"297","entertainment","after",41,"hd","False","False",14.0714890923721,9.81098841803921,5.97380961186926,"2",2,2,"5","4",2,26,2022,14.9148629060542
"298","science/tech","after",274,"hd","False","False",13.6574955880428,3.73766961828337,0,"2",1,1,"4","4",10,19,2021,16.4700871245517
"299","music","during",214,"hd","True","False",13.419661071235,9.52602664083756,6.96413561241824,"2",2,2,"5","5",4,5,2021,17.2568894730953
"300","education","before",248,"hd","True","False",13.3945515367049,9.54258941775309,5.8348107370626,"2",2,2,"5","4",2,21,2020,18.0139986556241
"301","education","after",312,"hd","False","False",14.0585892768104,9.24696155543183,4.24849524204936,"2",2,1,"5","4",2,21,2022,15.0547875697841
"302","science/tech","during",135,"hd","True","False",14.4113238123259,9.92866785106643,5.65948221575962,"2",2,2,"5","4",1,22,2021,17.4406123747285
"303","science/tech","during",179,"hd","True","False",12.62491455068,9.54180006677385,6.7990558620588,"2",2,2,"5","5",8,10,2020,17.7627672427253
"304","entertainment","after",6258,"hd","False","False",13.601872931839,9.20412107216227,4.48863636973214,"2",2,1,"5","4",2,22,2022,15.0193416522498
"305","comedy","during",281,"hd","True","False",13.1722805253366,9.19451582162921,5.51342874616498,"2",2,1,"5","4",3,12,2021,17.3224554004113
"306","music","after",246,"hd","True","False",14.7180532166823,12.2597887525355,8.20028826028755,"2",3,3,"6","6",2,5,2022,15.3838762362375
"307","news/politics","during",336,"hd","False","False",13.4418042574946,9.5214215378562,7.54274354536855,"2",2,2,"5","6",5,23,2021,17.1148279155801
"308","comedy","after",1087,"hd","False","False",14.3778056106052,10.2484592802153,6.67329796776765,"2",2,2,"6","5",9,13,2021,16.6667075749838
"309","comedy","after",182,"hd","True","False",14.6248434992159,10.6713246787275,7.98786409608569,"2",2,3,"6","6",1,16,2022,15.6958477462719
"310","news/politics","before",523,"hd","False","False",13.1457126490918,8.8394216076206,7.03262426102801,"2",2,2,"4","5",2,10,2019,18.4112616835501
"311","comedy","during",570,"hd","True","False",13.8706254407718,10.4393959566696,7.24921505711439,"2",2,2,"6","6",5,19,2021,17.1287913894548
"312","education","after",994,"hd","False","False",12.85461464266,9.16951837745593,6.7900972355139,"2",2,2,"4","5",2,3,2022,15.4147706516718
"313","science/tech","during",358,"hd","False","False",13.4061187504531,9.19095365817599,6.73578001424233,"2",2,2,"5","5",6,8,2020,17.8627110304927
"314","comedy","during",379,"hd","True","False",14.0229124570498,10.5812418684886,7.33888813383888,"2",2,2,"6","6",6,9,2021,17.0607755457111
"315","comedy","before",134,"hd","True","False",14.7092767053757,11.0879563849639,7.21964204013074,"2",3,2,"6","6",1,8,2019,18.4399820789559
"316","education","during",309,"hd","False","False",12.8480712580713,8.99168672593482,5.75890177387728,"2",2,2,"4","4",6,29,2021,16.9893455431534
"317","comedy","after",445,"hd","True","False",13.6188007854572,10.4813361087326,7.04141166379481,"2",2,2,"6","5",1,14,2022,15.7133833094503
"318","comedy","before",262,"hd","True","False",14.0241372476768,9.9880584539864,6.36647044773144,"2",2,2,"5","5",9,27,2019,18.1888318357332
"319","music","after",195,"hd","False","False",14.5221966721382,10.5327893050473,6.71901315438526,"2",2,2,"6","5",10,29,2021,16.4101661302519
"320","science/tech","before",91,"hd","False","False",13.9266332404066,8.64241515616962,5.47227067367148,"2",2,1,"4","4",3,5,2019,18.3910168283866
"321","education","during",273,"hd","True","False",13.5385230937779,8.37562962709445,1.38629436111989,"2",1,1,"4","4",1,7,2021,17.4748322280861
"322","entertainment","during",1291,"hd","True","False",14.5271830798496,9.60649561075857,5.92157841964382,"2",2,2,"5","4",6,23,2021,17.0104947163991
"323","news/politics","after",516,"hd","False","False",13.4118757737908,9.22837673446228,6.69826805411541,"2",2,2,"5","5",9,19,2021,16.6375642166635
"324","education","after",145,"hd","True","False",12.7850175593219,9.03193115200214,5.10594547390058,"2",2,1,"4","4",12,3,2021,16.1493616359105
"325","news/politics","before",505,"hd","False","False",12.6498253392558,8.14060704285845,5.46806014113513,"2",1,1,"4","4",7,7,2019,18.2740515599563
"326","entertainment","after",732,"hd","False","True",12.8205364025046,7.5251007461258,0,"2",1,1,"4","4",2,24,2022,14.9597476889919
"327","comedy","after",153,"hd","True","False",14.2340353492945,10.5341740517535,6.86797440897029,"2",2,2,"6","5",11,7,2021,16.3498986408768
"328","comedy","after",159,"hd","True","False",14.3044181264933,10.6887808215296,6.85118492749374,"2",2,2,"6","5",12,12,2021,16.0744565671655
"329","news/politics","before",311,"hd","False","False",13.3804786275824,8.7558950816463,6.74405918631135,"2",2,2,"4","5",1,6,2019,18.4413098433519
"330","comedy","after",326,"hd","True","False",14.7028226352787,10.9373124001998,7.80832305039106,"2",3,3,"6","6",10,24,2021,16.4413211065426
"331","news/politics","during",223,"hd","False","False",12.9833104835948,8.60410456340553,6.77078942390898,"2",2,2,"4","5",5,23,2021,17.1148855278611
"332","news/politics","after",258,"hd","False","False",12.9686759236047,9.18686701579054,5.97888576490112,"2",2,2,"4","4",9,15,2021,16.6574795183215
"333","science/tech","after",176,"hd","True","False",13.0247703939854,10.0035138666033,7.77653502818524,"2",2,3,"5","6",9,10,2021,16.6826093104286
"334","news/politics","before",329,"hd","False","False",12.6918819543198,8.78569244445124,6.19644412779452,"2",2,2,"4","4",7,7,2019,18.2740764318654
"335","news/politics","before",571,"hd","False","False",13.2870724068814,8.78462153484075,7.09920174355309,"2",2,2,"4","6",9,15,2019,18.2014535013802
"336","education","after",762,"hd","True","True",14.1358592198397,8.22977775008189,0,"2",1,1,"4","4",11,8,2021,16.3423259715248
"337","comedy","after",177,"hd","True","False",14.1197126700293,9.87344063118383,6.43454651878745,"2",2,2,"5","5",1,23,2022,15.5992081171497
"338","comedy","after",1319,"hd","False","False",14.7615996750282,10.4202554857577,6.0330862217988,"2",2,2,"6","4",11,16,2021,16.2855055799937
"339","education","after",96,"hd","False","True",12.7491408456329,8.23959345430597,0,"2",1,1,"4","4",8,4,2021,16.8482493644134
"340","news/politics","before",254,"hd","False","False",13.4337463513514,9.53481232087482,6.94312242281943,"2",2,2,"5","5",11,24,2019,18.1230737015258
"341","entertainment","after",1102,"hd","False","False",14.0278309496211,9.80763722687929,8.43641688138895,"2",2,3,"5","6",2,24,2022,14.9754019992948
"342","education","before",731,"hd","False","False",13.7042023900365,10.2912637977732,1.38629436111989,"2",2,1,"6","4",4,5,2019,18.3635546719424
"343","science/tech","during",170,"hd","True","False",12.90789211287,9.70741183950951,7.17165682276851,"2",2,2,"5","6",12,9,2020,17.5370388410911
"344","comedy","during",289,"hd","True","False",12.8637247640716,10.0967490493684,6.22653666928747,"2",2,2,"5","4",5,5,2021,17.1719380234198
"345","news/politics","after",572,"hd","False","False",12.6777342745344,9.15546171046619,7.722677516468,"2",2,3,"4","6",10,24,2021,16.4395398153617
"346","news/politics","before",509,"hd","False","False",12.8602190887404,8.52158353971753,6.5366915975913,"2",1,2,"4","5",10,20,2019,18.1631160491014
"347","comedy","during",434,"hd","True","False",13.3539368964845,9.83424464979397,7.15461535691366,"2",2,2,"5","6",5,11,2021,17.1537178368479
"348","education","before",382,"hd","False","False",13.5165032632625,10.2549891377009,6.01859321449623,"2",2,2,"6","4",8,7,2019,18.2422156175626
"349","science/tech","during",90,"hd","True","False",13.1437177413108,9.70186084468417,6.62140565176413,"2",2,2,"5","5",8,2,2020,17.7756029726423
"350","comedy","after",139,"hd","True","False",14.1905233314163,10.0576239465471,6.55819780281227,"2",2,2,"5","5",11,21,2021,16.2488494897491
"351","entertainment","after",296,"hd","False","False",13.7764370339781,9.31623074723361,6.76041469108343,"2",2,2,"5","5",1,15,2022,15.7089221753471
"352","education","before",500,"hd","False","False",12.6621928444173,10.0263686819119,5.75890177387728,"2",2,2,"5","4",9,17,2019,18.19917209296
"353","comedy","during",611,"hd","True","False",14.0514795110722,10.2651400876876,7.70300768247924,"2",2,3,"6","6",1,12,2021,17.4647303365951
"354","education","during",521,"hd","False","False",13.4042828780867,9.22759072538271,5.08140436498446,"2",2,1,"5","4",8,10,2020,17.7624911059801
"355","news/politics","before",459,"hd","False","False",12.8778276361083,8.57583938684897,6.90173720665657,"2",1,2,"4","5",1,26,2020,18.0470042318004
"356","education","during",221,"hd","False","False",13.3823941521704,9.8440559687667,6.30261897574491,"2",2,2,"5","5",4,3,2021,17.2627801277288
"357","comedy","during",71,"hd","True","False",13.9989123644118,10.5696745515133,7.40000951716269,"2",2,2,"6","6",1,22,2021,17.4420181287515
"358","science/tech","before",131,"hd","False","False",13.1394741496132,8.07527154629746,6.02102334934953,"2",1,2,"4","4",2,5,2020,18.0343292316951
"359","comedy","during",181,"hd","True","False",13.3154682513553,9.35996654593199,6.17378610390194,"2",2,2,"5","4",12,9,2020,17.5383115652205
"360","education","after",703,"hd","False","True",13.7803102322121,8.21066803116298,0,"2",1,1,"4","4",2,6,2022,15.3645096938116
"361","news/politics","after",125,"hd","False","False",13.9612044367815,10.2337979870435,7.33888813383888,"2",2,2,"6","6",11,8,2021,16.3404548947838
"362","education","before",1526,"hd","False","False",14.1227842060306,9.43675855582405,6.49677499018586,"2",2,2,"5","5",11,5,2019,18.145305708288
"363","news/politics","during",296,"hd","False","False",12.6328066257335,8.85480763261623,5.59098698051086,"2",2,1,"4","4",6,11,2021,17.0529168679655
"364","comedy","after",287,"hd","True","False",14.718247450139,11.2836003470807,7.79564653633459,"2",3,3,"6","6",12,12,2021,16.0751504665648
"365","science/tech","after",122,"hd","True","False",12.7937704175926,9.67765288341043,7.0475172213573,"2",2,2,"5","6",10,19,2021,16.4692990633317
"366","education","before",6298,"hd","True","False",14.0923495561861,9.46939146162881,6.72623340235875,"2",2,2,"5","5",5,2,2019,18.3378289837491
"367","comedy","after",124,"hd","True","False",14.7090999533412,11.0202180441179,7.68156036255954,"2",3,3,"6","6",10,10,2021,16.5253877557578
"368","comedy","during",399,"hd","True","False",12.8327995355345,9.10808613793743,6.35088571671474,"2",2,2,"4","5",5,13,2021,17.1475069393393
"369","comedy","before",246,"hd","True","False",14.4601022718112,10.1316982441834,6.49072353450251,"2",2,2,"5","5",9,27,2019,18.1888709868184
"370","news/politics","before",551,"hd","False","False",12.888760315627,8.58914169072882,6.82762923450285,"2",1,2,"4","5",1,5,2020,18.0730137491994
"371","comedy","after",189,"hd","True","False",14.1170060345385,10.2828824329111,6.84268328223842,"2",2,2,"6","5",10,17,2021,16.4838947627894
"372","comedy","after",164,"hd","True","False",14.4190289390711,10.1664285737244,6.36647044773144,"2",2,2,"6","5",12,12,2021,16.0749585828887
"373","news/politics","before",88,"hd","False","False",12.7539194498656,8.34355383500512,5.50533153593236,"2",1,1,"4","4",6,2,2019,18.3085599512493
"374","news/politics","after",170,"hd","False","False",13.55416917018,9.38185373005353,8.43988008831357,"2",2,3,"5","6",11,10,2021,16.3268151946332
"375","news/politics","after",510,"hd","False","False",13.735954231988,9.83579740356618,7.74240202181578,"2",2,3,"5","6",11,28,2021,16.191377524844
"376","education","before",419,"hd","True","False",13.0114720393518,8.94780609305705,5.605802066296,"2",2,1,"4","4",11,20,2019,18.12747466892
"377","education","before",409,"hd","True","False",14.527118780022,10.5175644691125,6.87419849545329,"2",2,2,"6","5",12,10,2019,18.1044282495836
"378","science/tech","before",242,"hd","True","False",13.4903868821378,8.99243308745722,6.09807428216624,"2",2,2,"4","4",7,18,2019,18.2634897019044
"379","news/politics","during",438,"hd","False","False",13.3621752374013,9.39291189752534,6.68461172766793,"2",2,2,"5","5",2,28,2021,17.3520706252432
"380","entertainment","before",1774,"hd","False","False",12.8880830416792,8.93432333105491,5.55682806169954,"2",2,1,"4","4",2,13,2019,18.4089582330153
"381","science/tech","during",520,"hd","True","False",14.2095466024327,10.801084641963,7.54750168281497,"2",3,2,"6","6",5,19,2021,17.1291354234094
"382","education","during",190,"hd","False","False",14.6369832289237,10.6355669430979,7.6657534318617,"2",2,3,"6","6",3,12,2021,17.3206004583038
"383","comedy","before",113,"hd","True","False",14.2999014425182,10.3062824320884,6.11368217983223,"2",2,2,"6","4",1,30,2020,18.0422507806112
"384","comedy","after",190,"hd","True","False",14.275359047885,10.0781968763279,6.76272950693188,"2",2,2,"5","5",10,17,2021,16.4842214842184
"385","education","before",459,"hd","False","False",13.1614013815596,8.35585004100747,7.13169851046691,"2",1,2,"4","6",8,1,2019,18.2489851313177
"386","science/tech","during",533,"hd","False","False",13.1602023671866,8.38799525294456,5.71702770140622,"2",1,2,"4","4",10,29,2020,17.6190112991155
"387","education","after",689,"hd","False","True",13.6603935780861,9.21910187764476,0,"2",2,1,"5","4",1,3,2022,15.849163625891
"388","comedy","after",205,"hd","True","False",14.5547074845088,10.3616716049765,6.80572255341699,"2",2,2,"6","5",10,10,2021,16.525448775641
"389","entertainment","after",436,"hd","True","False",13.829080074232,10.1700353614576,6.46458830368996,"2",2,2,"6","5",1,14,2022,15.7180911067968
"390","science/tech","during",111,"hd","True","False",13.7406706256854,10.0465917295046,7.26612877955645,"2",2,2,"5","6",5,18,2021,17.1299868841258
"391","comedy","after",273,"hd","True","False",14.1706552316365,10.0456813182393,7.01211529430638,"2",2,2,"5","5",10,24,2021,16.441811078677
"392","entertainment","during",1309,"hd","True","False",14.5605882048746,9.44390938877397,5.64544689764324,"2",2,2,"5","4",5,31,2021,17.0887604328155
"393","education","after",105,"hd","False","False",13.1455641460414,3.8286413964891,1.6094379124341,"2",1,1,"4","4",11,19,2021,16.2607990022761
"394","news/politics","after",240,"hd","False","False",14.0509446699535,11.3455713352981,7.71512360363211,"2",3,3,"6","6",10,21,2021,16.4554219513347
"395","news/politics","during",376,"hd","False","False",13.2178226370048,8.92025541490809,7.15461535691366,"2",2,2,"4","6",3,7,2021,17.3343540770238
"396","entertainment","after",917,"hd","False","False",14.3740949570582,10.2977905959381,9.16261963576477,"2",2,3,"6","6",2,13,2022,15.2362036887931
"397","news/politics","before",111,"hd","False","False",14.1300796627735,10.563233056462,7.89692465626886,"2",2,3,"6","6",7,15,2019,18.2659496457149
"398","science/tech","before",171,"hd","False","False",12.7747217952333,8.02387999273488,7.68294316987829,"2",1,3,"4","6",1,30,2020,18.0419811862186
"399","science/tech","during",111,"hd","False","False",13.3172983824709,10.8213570375235,7.36960072052641,"2",3,2,"6","6",1,31,2021,17.4194200771997
"400","entertainment","after",1230,"hd","False","False",12.7525539815322,7.90174751852014,4.14313472639153,"2",1,1,"4","4",1,27,2022,15.5388825081569
"401","education","after",297,"hd","True","False",13.3617817720684,10.1570827113062,6.50578406012823,"2",2,2,"5","5",2,14,2022,15.206197258622
"402","science/tech","after",601,"hd","False","False",13.0014988488216,8.84707231256781,6.86484777797086,"2",2,2,"4","5",12,28,2021,15.9135325342886
"403","science/tech","before",163,"hd","False","False",13.1491143579061,8.37976851550457,5.35185813347607,"2",1,1,"4","4",5,22,2019,18.3195638558014
"404","music","after",238,"hd","True","False",18.9062601817845,14.3684498217172,10.8342135922065,"3",3,3,"9","9",9,9,2021,16.6858829892202
"405","music","after",258,"hd","False","False",17.0789006373637,13.5535378168415,10.5579978494812,"3",3,3,"9","9",9,30,2021,16.5816778946673
"406","music","before",288,"hd","False","False",17.4714359424341,13.4910164957211,9.43260353586309,"3",3,3,"9","9",2,15,2019,18.4069142592377
"407","education","after",266,"hd","False","False",14.9664454943873,9.9083755866089,5.46806014113513,"3",2,1,"7","7",2,8,2022,15.3267612759535
"408","music","during",202,"hd","False","False",16.6176651212558,12.134001827737,7.67832635650689,"3",3,3,"8","7",5,15,2020,17.8990770953891
"409","music","before",162,"hd","False","False",16.6487719596892,12.2262575526893,8.00336305862995,"3",3,3,"8","7",7,12,2019,18.269485657054
"410","science/tech","during",91,"hd","True","False",15.4463335704141,10.995696047281,8.24249315318763,"3",3,3,"7","8",3,3,2021,17.345903236628
"411","comedy","before",450,"hd","True","False",16.2425047744169,13.5422480224903,10.0533289607753,"3",3,3,"9","9",2,25,2020,18.0091762152022
"412","science/tech","during",201,"hd","True","False",15.3376003094307,10.7875856165881,6.31354804627709,"3",2,2,"7","7",11,20,2020,17.5763756407964
"413","music","before",213,"hd","False","False",15.5630100113884,11.4443146633424,7.46622755621548,"3",3,2,"7","7",7,12,2019,18.2694856686863
"414","comedy","before",242,"hd","True","False",15.7909983717739,13.0577715215112,8.95531908176395,"3",3,3,"9","8",2,25,2020,18.0091589812854
"415","music","during",186,"hd","False","False",16.7080159269814,12.6256937497226,8.93326847863642,"3",3,3,"8","8",12,26,2020,17.5019467296932
"416","science/tech","after",121,"hd","True","False",19.28781471847,12.0349758546766,9.07520769798469,"3",3,3,"8","8",12,8,2021,16.1102195154739
"417","comedy","before",183,"hd","True","False",16.1973362216214,12.6128202642033,8.52615293278771,"3",3,3,"8","8",6,27,2019,18.2844038258196
"418","music","before",226,"hd","True","False",15.6583885896485,12.3829628123269,8.83913175254611,"3",3,3,"8","8",2,10,2020,18.0275458552869
"419","comedy","after",156,"hd","True","False",15.2119010313899,11.4615163744049,8.43315919580623,"3",3,3,"7","8",11,14,2021,16.3007355737351
"420","music","during",274,"hd","True","False",17.9468115731182,12.9531112424339,9.41962837699995,"3",3,3,"9","9",9,26,2020,17.6811963043899
"421","science/tech","after",121,"hd","True","False",14.8673362240324,6.51025834052315,4.17438726989564,"3",1,1,"7","7",12,15,2021,16.0504145972335
"422","music","after",235,"hd","False","False",14.8894441506118,11.0919862479988,7.56941179245071,"3",3,3,"7","7",9,16,2021,16.6539559556319
"423","music","after",175,"hd","False","False",17.0614230557217,13.1132580494356,10.3238084318763,"3",3,3,"9","9",1,5,2022,15.8314983232915
"424","comedy","before",137,"hd","True","False",15.6936107070927,11.2353785247766,7.63143166457691,"3",3,3,"7","7",9,20,2019,18.1965498428688
"425","comedy","before",204,"hd","True","False",15.3606859644984,11.5172461174936,8.07589363029886,"3",3,3,"7","8",1,26,2019,18.424425702832
"426","music","during",178,"hd","False","False",15.8657482893855,11.8781795030169,8.25686684897431,"3",3,3,"8","8",9,30,2020,17.6740818992946
"427","music","after",213,"hd","True","False",18.4214102677851,14.522142903592,11.3284014846211,"3",3,3,"9","9",10,8,2021,16.5372262922122
"428","music","after",210,"hd","False","False",15.7037639000949,11.8949103918626,8.3466420902212,"3",3,3,"8","8",10,1,2021,16.5750880627384
"429","comedy","after",335,"hd","True","False",15.3830536088954,11.4340445821168,7.76387128782022,"3",3,3,"7","7",12,12,2021,16.0750810460905
"430","music","during",200,"hd","True","False",16.1721847035692,11.8912249050056,8.78844095740459,"3",3,3,"8","8",6,1,2021,17.0855504128658
"431","music","after",238,"hd","False","False",15.4036173715845,11.6140098510036,8.39117635083275,"3",3,3,"7","8",2,24,2022,14.98177059162
"432","music","after",191,"hd","True","False",14.9103035624429,11.1956772569167,7.8087293067444,"3",3,3,"7","7",10,1,2021,16.5734907178676
"433","music","during",151,"hd","False","False",16.6145964830537,12.7193632287858,9.2610334862917,"3",3,3,"8","8",10,30,2020,17.6186466372515
"434","comedy","before",451,"hd","True","False",16.1127745188121,12.2291200029912,8.51117511909067,"3",3,3,"8","8",12,13,2019,18.1012879457984
"435","comedy","before",380,"hd","True","False",15.3627085321605,11.311946944357,7.14440718032114,"3",3,2,"7","7",5,22,2019,18.3192324655049
"436","comedy","during",198,"hd","True","False",15.0016079447318,11.2224795766957,7.36073990305828,"3",3,2,"7","7",3,19,2021,17.3043339748972
"437","music","during",230,"hd","False","False",18.5515122589351,14.1117647842967,10.2885118297395,"3",3,3,"9","9",5,8,2020,17.9092147485255
"438","music","before",206,"hd","True","False",18.5865480184811,13.3412225639208,9.69590972432601,"3",3,3,"9","9",1,23,2019,18.4267541534068
"439","music","before",264,"hd","True","False",18.7773296975534,14.4615598416624,11.3414726290614,"3",3,3,"9","9",2,14,2019,18.4078275240909
"440","science/tech","before",146,"hd","False","False",15.1486723026014,4.68213122712422,2.07944154167984,"3",1,1,"7","7",9,19,2019,18.1971125775019
"441","education","after",61,"hd","False","False",15.7808093831036,6.33505425149806,3.85014760171006,"3",1,1,"7","7",11,11,2021,16.3184581534794
"442","music","before",190,"hd","False","False",16.1061099080588,12.5619868001421,8.86120833720818,"3",3,3,"8","8",9,16,2019,18.2008516686887
"443","education","after",587,"hd","False","True",15.2493228457311,9.98068004836603,0,"3",2,1,"7","7",1,17,2022,15.6754810153104
"444","music","before",232,"hd","False","False",18.4631072745159,13.8675535212798,10.5942819675125,"3",3,3,"9","9",8,23,2019,18.2260619774582
"445","music","before",151,"hd","False","False",15.3630862580826,11.1157261012791,7.17548971362422,"3",3,2,"7","7",7,12,2019,18.2694856686863
"446","music","during",191,"hd","False","False",18.4686929675092,13.355447754576,8.71866356704895,"3",3,3,"9","8",6,3,2020,17.8702822583694
"447","music","during",232,"hd","False","False",15.3242725205636,11.2220917646861,8.59062950948942,"3",3,3,"7","8",6,22,2020,17.8419826921967
"448","comedy","before",396,"hd","True","False",14.8740252424559,10.7112572239328,7.15773548424991,"3",2,2,"7","7",6,26,2019,18.2851907602542
"449","music","before",212,"hd","False","False",16.8041143340457,12.6799531250709,9.40738632416852,"3",3,3,"8","9",7,8,2019,18.2733722992219
"450","music","during",259,"hd","True","False",17.8557366105638,13.4701471114233,10.5090595608401,"3",3,3,"9","9",3,8,2021,17.3317134325911
"451","music","after",263,"hd","False","False",14.8368569190231,10.685583814856,7.46508273639955,"3",2,2,"7","7",10,29,2021,16.4101692664538
"452","music","after",157,"hd","True","False",15.5567718552077,12.2643085342411,8.95092176479726,"3",3,3,"8","8",9,16,2021,16.6520772145547
"453","science/tech","during",181,"hd","True","False",19.3065136539079,12.4749502673417,9.75805707432592,"3",3,3,"8","9",12,9,2020,17.5380959071144
"454","music","before",215,"hd","False","False",17.7023008184568,13.4083915829719,9.66713210724969,"3",3,3,"9","9",6,21,2019,18.2898244443595
"455","comedy","during",251,"hd","True","False",17.4738538944195,14.686918561688,11.5707320020663,"3",3,3,"9","9",9,29,2020,17.6766231430677
"456","music","during",208,"hd","False","False",16.6630049118214,12.3305090538883,8.45977592054629,"3",3,3,"8","8",11,27,2020,17.563101982413
"457","music","before",218,"hd","False","False",17.9237992638213,13.6452286330618,9.96415923206886,"3",3,3,"9","9",12,22,2019,18.0902742713314
"458","music","during",217,"hd","True","False",15.4059523817624,11.7358129835108,8.77971129020447,"3",3,3,"8","8",6,18,2021,17.0297031938015
"459","comedy","before",401,"hd","True","False",16.2890960310525,12.5716077223117,8.80161997114735,"3",3,3,"8","8",6,15,2019,18.2960965766929
"460","music","after",209,"hd","False","False",17.0542995138268,12.1554054708782,8.30102525383845,"3",3,3,"8","8",9,13,2021,16.6675551233986
"461","music","during",198,"hd","False","False",16.6748848764988,12.5010195153228,8.87416809036397,"3",3,3,"8","8",11,27,2020,17.5631021945831
"462","science/tech","during",373,"hd","True","False",15.1005827729949,10.6238850475862,6.93828448401696,"3",2,2,"7","7",11,19,2020,17.5783988293162
"463","news/politics","before",717,"hd","False","False",15.1055536215675,11.5756185343087,8.59044365315583,"3",3,3,"7","8",8,25,2019,18.2237479084241
"464","music","before",198,"hd","True","False",14.8626126866259,10.5456308705033,7.14991683613211,"3",2,2,"7","7",5,31,2019,18.310347842002
"465","music","before",218,"hd","False","False",17.6795198117368,13.1023953364281,9.28868933838716,"3",3,3,"9","8",2,15,2019,18.4072428079684
"466","comedy","during",1359,"hd","True","False",15.4320652856848,11.5273312022778,7.46794233228585,"3",3,2,"7","7",5,31,2021,17.0882834464689
"467","comedy","after",325,"hd","True","False",15.0015832061476,10.9007866795037,7.85554467791566,"3",3,3,"7","7",10,24,2021,16.4416522674557
"468","entertainment","after",1287,"hd","True","True",15.4256762055349,9.56240470335723,0,"3",2,1,"7","7",1,15,2022,15.7051216717073
"469","education","after",189,"hd","False","True",17.7965111920965,12.4903225849457,0,"3",3,1,"8","7",1,25,2022,15.5689147794158
"470","comedy","during",157,"hd","True","False",17.0612399369548,14.4377018701905,11.0628185762389,"3",3,3,"9","9",9,29,2020,17.6766656942882
"471","comedy","after",411,"hd","True","False",15.3670029939647,11.5221923940408,8.86573515212478,"3",3,3,"7","8",11,7,2021,16.3501454238769
"472","news/politics","before",575,"hd","False","False",15.1092059605955,10.6020202053724,8.73648935100155,"3",2,3,"7","8",2,3,2019,18.4173102803159
"473","music","before",228,"hd","False","False",19.5988919002731,14.787407032241,10.9100759223911,"3",3,3,"9","9",6,28,2019,18.2833340250754
"474","education","after",184,"hd","False","True",16.4262731988668,11.2292221334873,0,"3",3,1,"7","7",2,15,2022,15.1917528155523
"475","music","during",202,"hd","True","False",16.9899208419849,12.3323087420753,8.82981174915805,"3",3,3,"8","8",9,24,2020,17.6860111152785
"476","comedy","during",391,"hd","True","False",16.2081373402437,13.7938588421572,10.1397842210953,"3",3,3,"9","9",10,1,2020,17.6729929812157
"477","comedy","after",266,"hd","True","False",15.3662053898724,11.6764548837517,8.09468364869882,"3",3,3,"7","8",12,12,2021,16.0749195334971
"478","music","during",182,"hd","False","False",16.2716519255904,12.210378362612,9.72740648333163,"3",3,3,"8","9",6,4,2021,17.0771695505947
"479","music","before",197,"hd","False","False",16.2771862805458,12.3942934342551,9.65245879773238,"3",3,3,"8","9",6,12,2019,18.299032297211
"480","music","during",188,"hd","True","False",17.079808557879,13.0586501156465,9.41784222730043,"3",3,3,"9","9",6,11,2021,17.0537179580246
"481","comedy","after",232,"hd","True","False",14.9311258068816,10.9143427316798,7.15851399732932,"3",3,2,"7","7",10,10,2021,16.52553653926
"482","music","during",174,"hd","False","False",16.6909234884017,12.3142721275069,9.24377514806242,"3",3,3,"8","8",5,29,2020,17.8784882844369
"483","music","during",186,"hd","False","False",16.2303998831209,11.9526180716276,8.2553088117856,"3",3,3,"8","8",4,22,2021,17.2095613971492
"484","music","after",187,"hd","True","False",17.3565380535909,13.3806902718817,9.81803859070365,"3",3,3,"9","9",2,11,2022,15.2820877517715
"485","comedy","before",366,"hd","True","False",15.7023372987089,11.8005750368939,8.04590874227078,"3",3,3,"8","8",5,1,2019,18.3393263505618
"486","news/politics","after",595,"hd","False","False",15.0991435352682,10.9362805001669,8.48817624234574,"3",3,3,"7","8",10,31,2021,16.3943990815062
"487","comedy","before",329,"hd","True","False",17.837484944881,14.7008260729551,11.6054681825174,"3",3,3,"9","9",2,25,2020,18.0091484023505
"488","music","during",250,"hd","True","False",15.1707205162055,10.61243426063,7.83913164827433,"3",2,3,"7","7",11,30,2020,17.5557767783471
"489","music","before",241,"hd","True","False",18.8129152726699,14.542755254331,11.6059421075367,"3",3,3,"9","9",5,31,2019,18.3108317144152
"490","music","before",282,"hd","False","False",16.1425751676746,11.5360167961936,7.64491934495886,"3",3,3,"7","7",3,19,2019,18.378370048116
"491","comedy","before",422,"hd","True","False",15.4893206026941,11.6319699269161,7.64491934495886,"3",3,3,"7","7",5,3,2019,18.3374666318545
"492","comedy","before",256,"hd","True","False",16.746167419614,12.8246417434518,8.77539495854551,"3",3,3,"9","8",12,6,2019,18.1095585252467
"493","comedy","before",493,"hd","True","False",16.6701975660362,12.8216636078712,8.7662383802531,"3",3,3,"8","8",3,1,2019,18.3949108337853
"494","comedy","during",254,"hd","True","False",16.0004345703651,12.3354020973536,9.18039649560311,"3",3,3,"8","8",6,27,2020,17.8334036631902
"495","music","after",180,"hd","False","False",16.7629296710645,14.1226643206056,10.9841225469736,"3",3,3,"9","9",8,2,2021,16.8565410487887
"496","comedy","during",195,"hd","True","False",14.9110768790462,11.8852197888099,8.61268517287546,"3",3,3,"8","8",5,19,2021,17.1287003210984
"497","music","after",189,"hd","False","False",15.0109137478093,11.2247365974529,7.9291264873068,"3",3,3,"7","7",10,29,2021,16.410158663065
"498","comedy","before",152,"hd","True","False",15.8685121238034,11.8051173528998,7.8164169836918,"3",3,3,"8","7",12,19,2019,18.094257704584
"499","comedy","after",279,"hd","True","False",14.7828947042513,10.806794356852,7.58731050602262,"3",3,3,"7","7",10,24,2021,16.441587505755
"500","comedy","before",191,"hd","True","False",14.9703799840744,12.1064346140716,8.35208267135264,"3",3,3,"8","8",12,13,2019,18.100987511219
"501","comedy","before",244,"hd","True","False",16.5428463246047,13.7713475718753,10.1631558785327,"3",3,3,"9","9",2,25,2020,18.0091667984579
"502","music","during",199,"hd","True","False",18.4916659840209,14.0161925260902,10.6589990172926,"3",3,3,"9","9",12,21,2020,17.5124467690733
"503","music","after",221,"hd","False","False",16.7256803679828,13.3317746713884,9.98252975987608,"3",3,3,"9","9",9,17,2021,16.6461180980958
"504","education","during",227,"hd","False","True",17.6155522004389,12.2851980094957,0,"3",3,1,"8","7",10,20,2020,17.6374947355674
"505","music","during",287,"hd","False","False",18.0831373898896,13.7978647829889,10.6355909882065,"3",3,3,"9","9",7,24,2020,17.7916115847662
"506","comedy","before",255,"hd","True","False",16.3448949120156,12.1434203443607,8.52198170814803,"3",3,3,"8","8",9,11,2019,18.2062273734
"507","music","during",192,"hd","False","False",16.2865695195588,12.2325003373655,8.76233304060234,"3",3,3,"8","8",7,24,2020,17.791611903663
"508","music","after",267,"hd","False","False",15.3961365651598,12.0952695681887,8.97221007835365,"3",3,3,"8","8",2,8,2022,15.3212885079799
"509","science/tech","during",421,"hd","True","False",15.0709841351526,11.1525579977651,7.82043951526218,"3",3,3,"7","7",4,13,2020,17.9439488184007
"510","music","before",180,"hd","False","False",17.4100625467518,12.8568784487254,9.64049809267472,"3",3,3,"9","9",8,23,2019,18.226357785577
"511","music","after",172,"hd","False","False",15.9203936999658,12.8188879099332,9.18840146445743,"3",3,3,"8","8",2,27,2022,14.8820093506044
"512","comedy","before",126,"hd","True","False",17.4571077941362,14.0548502409806,10.6881650509417,"3",3,3,"9","9",4,23,2019,18.3468308569533
"513","music","after",194,"hd","False","False",16.5560712525581,12.5446319883435,9.78098087804333,"3",3,3,"8","9",1,24,2022,15.5861035903305
"514","comedy","before",210,"hd","True","False",17.1540615650278,13.364973813385,10.3250228408218,"3",3,3,"9","9",4,2,2019,18.3661572591653
"515","music","during",221,"hd","True","False",16.4369229850059,12.0913910454466,8.44784311328144,"3",3,3,"8","8",11,12,2020,17.5917136111548
"516","comedy","before",585,"hd","True","False",16.9021864462839,13.1937179911146,9.17076759685636,"3",3,3,"9","8",11,5,2019,18.1454550345479
"517","education","before",198,"hd","True","True",19.1198657600426,13.3712432890976,0,"3",3,1,"9","7",4,23,2019,18.3467025664519
"518","comedy","after",178,"hd","True","False",15.226421431218,11.1726018211929,7.71512360363211,"3",3,3,"7","7",11,21,2021,16.2488919566403
"519","entertainment","after",190,"hd","False","False",15.6179781566522,9.67595940290409,6.81563999007433,"3",2,2,"7","7",2,11,2022,15.2668180150933
"520","comedy","during",282,"hd","True","False",15.9449484408514,13.6779206550027,9.78880595245251,"3",3,3,"9","9",10,2,2020,17.6711992263785
"521","comedy","before",438,"hd","True","False",14.8308336247299,10.8724086844735,7.49387388678356,"3",3,2,"7","7",1,31,2020,18.041251472734
"522","music","before",196,"hd","True","False",20.5202355999543,15.958468184209,12.4592137377775,"3",3,3,"9","9",10,8,2019,18.1764257817583
"523","music","after",203,"hd","False","False",15.4251782439984,12.1683344329297,8.60153433984999,"3",3,3,"8","8",12,21,2021,15.9884390274251
"524","music","after",158,"hd","False","False",15.093558298184,11.0353895390689,7.39939808333135,"3",3,2,"7","7",10,29,2021,16.4101632927275
"525","music","before",330,"hd","False","False",18.1484299938436,13.278616417152,9.44280038992774,"3",3,3,"9","9",12,6,2019,18.1092265401374
"526","comedy","before",306,"hd","True","False",16.2053178473906,12.6701588010119,8.77183540978982,"3",3,3,"8","8",12,11,2019,18.1037569631128
"527","comedy","during",187,"hd","True","False",15.1941884875679,12.3384245928825,8.84144824409886,"3",3,3,"8","8",11,19,2020,17.579418492577
"528","music","after",212,"hd","False","False",16.5390311399028,11.889613798307,8.24617155985756,"3",3,3,"8","8",9,24,2021,16.6126684095609
"529","comedy","during",259,"hd","True","False",15.8309759536773,12.1282354206572,9.40656483393913,"3",3,3,"8","9",4,28,2021,17.1926711569326
"530","music","after",177,"hd","True","False",16.7311421388303,13.0841255410693,11.1007831136087,"3",3,3,"9","9",1,11,2022,15.7611908234555
"531","science/tech","after",90,"hd","True","False",15.0682583834878,6.52502965784346,3.04452243772342,"3",1,1,"7","7",11,19,2021,16.260531840432
"532","music","during",179,"hd","True","False",18.458319851257,13.537037947931,10.0374501021991,"3",3,3,"9","9",4,13,2021,17.2338005582948
"533","news/politics","before",465,"hd","False","False",15.6036252263015,12.0113646930852,8.87038206607014,"3",3,3,"8","8",1,24,2020,18.0495822358681
"534","music","before",218,"hd","False","False",19.2222830434423,14.7932861533056,11.091163277945,"3",3,3,"9","9",5,10,2019,18.3308735131123
"535","music","before",198,"hd","False","False",18.2631118135577,13.5367512258691,9.86078879800301,"3",3,3,"9","9",6,28,2019,18.2834579751458
"536","music","before",191,"hd","False","False",15.9714338592765,12.1461687014631,8.24669594371856,"3",3,3,"8","8",7,12,2019,18.2694856686863
"537","music","before",208,"hd","False","False",17.7274736815995,13.6972888010838,10.3075182991061,"3",3,3,"9","9",7,12,2019,18.2694856686863
"538","science/tech","before",126,"hd","True","False",18.8639602884084,13.0485467474217,10.0293710242264,"3",3,3,"9","9",12,11,2019,18.1035110331268
"539","music","before",198,"hd","True","False",16.5961469357814,12.5450025738372,9.43532223256403,"3",3,3,"8","9",12,18,2019,18.0951222788767
"540","comedy","before",307,"hd","True","False",16.4945450453257,12.7324861446378,9.13701670755734,"3",3,3,"8","8",11,13,2019,18.1363428734187
"541","comedy","during",248,"hd","True","False",15.6314571461887,12.2046065713684,8.8385517902274,"3",3,3,"8","8",5,23,2020,17.887327143497
"542","music","before",212,"hd","False","False",16.2765612367464,12.7327371690402,9.4501443641835,"3",3,3,"8","9",7,5,2019,18.276496213335
"543","science/tech","after",494,"hd","True","False",14.8136750585576,7.81156848934518,4.45434729625351,"3",1,1,"7","7",11,16,2021,16.2827614243368
"544","science/tech","during",145,"hd","True","False",15.1605419419287,10.6972942161953,7.91205688817901,"3",2,3,"7","7",4,15,2021,17.2293674356592
"545","music","during",158,"hd","True","False",18.7992945817442,15.2067832565727,11.9900908872436,"3",3,3,"9","9",10,16,2020,17.6452642052383
"546","music","during",262,"hd","True","False",16.8706656491043,11.9566107858981,8.46547875572956,"3",3,3,"8","8",5,5,2021,17.1721911764583
"547","comedy","before",503,"hd","True","False",16.2571056585274,12.4017504426488,8.72388210465849,"3",3,3,"8","8",5,22,2019,18.3194687003618
"548","music","after",163,"hd","True","False",15.8084897991571,11.7092321063308,7.96831950001272,"3",3,3,"8","7",1,21,2022,15.6317660350914
"549","education","during",198,"sd","True","False",15.8284016893474,11.171884808994,8.66163979578127,"3",3,3,"7","8",10,13,2020,17.6496863072838
"550","music","after",229,"hd","False","False",16.9417281834175,12.8691754809917,9.56990114789337,"3",3,3,"9","9",8,19,2021,16.7856160527305
"551","music","before",187,"hd","False","False",15.7748883244525,12.3094411785072,8.65921345143667,"3",3,3,"8","8",7,2,2019,18.2791125367627
"552","comedy","before",318,"hd","True","False",16.7364330208258,13.0027416523942,9.37441309371334,"3",3,3,"9","9",10,4,2019,18.1812788770918
"553","music","after",287,"hd","False","False",17.6346077048337,12.8942273845671,9.5392843421766,"3",3,3,"9","9",10,29,2021,16.4077448124213
"554","music","after",188,"hd","False","False",15.0984360299321,11.0711282676147,7.87131120332341,"3",3,3,"7","7",1,7,2022,15.8053315034188
"555","comedy","before",159,"hd","True","False",16.6567724255841,13.2534968974288,9.30191631546339,"3",3,3,"9","8",10,7,2019,18.1780777167088
"556","science/tech","before",86,"hd","False","False",14.8037069816091,9.69393867348769,6.59850902861452,"3",2,2,"7","7",3,26,2019,18.3721398582105
"557","music","during",302,"hd","True","False",19.3512013886667,14.2207089638439,11.3236517981636,"3",3,3,"9","9",10,13,2020,17.6509546980178
"558","comedy","during",314,"hd","True","False",15.2727774630591,11.4481629187409,7.14440718032114,"3",3,2,"7","7",4,24,2021,17.2044357770736
"559","comedy","before",435,"hd","True","False",15.8258096634015,11.9955491255721,7.88269220628903,"3",3,3,"8","7",6,13,2019,18.2982160489107
"560","music","during",241,"hd","True","False",14.8425903243893,10.7725399155834,8.21012440516427,"3",2,3,"7","8",8,5,2020,17.7719712980388
"561","comedy","before",108,"hd","True","False",16.6503715439128,12.3425596659803,9.05916858417444,"3",3,3,"8","8",9,4,2019,18.2135088391285
"562","comedy","before",403,"hd","True","False",15.0981792865349,11.2900443792089,7.42476176182321,"3",3,2,"7","7",1,30,2020,18.0425188427441
"563","comedy","after",254,"hd","True","False",15.6386456246634,11.9072689565379,8.44052810648075,"3",3,3,"8","8",12,12,2021,16.0745937144326
"564","comedy","after",251,"hd","True","False",15.6694432532236,12.0542667146294,8.43988008831357,"3",3,3,"8","8",11,14,2021,16.3004783725483
"565","comedy","before",455,"hd","True","False",14.7655385346831,10.8613807742648,7.10332206252611,"3",3,2,"7","7",7,31,2019,18.2501965641423
"566","music","during",323,"hd","False","False",14.7966927486862,10.2703157770294,6.84694313958538,"3",2,2,"7","7",3,28,2021,17.2804148338081
"567","science/tech","after",842,"hd","True","False",15.6981749118564,10.9959979290128,7.40000951716269,"3",3,2,"7","7",1,21,2022,15.623967839535
"568","science/tech","before",228,"hd","True","False",16.5834675703774,14.0693819366816,0,"3",3,1,"9","7",5,14,2019,18.326434963474
"569","music","during",198,"hd","False","False",16.3149383471531,12.1236253825626,8.30622521603216,"3",3,3,"8","8",4,17,2020,17.939025335611
"570","comedy","during",294,"hd","True","False",17.0221415600448,14.4819225162263,10.9046891234807,"3",3,3,"9","9",10,3,2020,17.6693235827322
"571","entertainment","before",2548,"hd","True","False",16.6120807253406,11.6523395207529,8.12415060330663,"3",3,3,"7","8",10,3,2019,18.1818572650747
"572","comedy","before",125,"hd","True","False",15.6221340088409,12.0451935472446,7.97487690055888,"3",3,3,"8","7",12,11,2019,18.1036464936441
"573","music","during",176,"hd","True","False",17.78006172302,13.9109552741727,11.1895471278602,"3",3,3,"9","9",8,14,2020,17.7562133774953
"574","music","before",291,"hd","False","False",16.2932430348043,11.8413583294074,8.25140306538056,"3",3,3,"8","8",3,4,2019,18.3917255183218
"575","comedy","before",183,"hd","True","False",16.3440052931135,13.2276796920853,9.6580983922746,"3",3,3,"9","9",1,28,2020,18.0450523266556
"576","music","before",208,"hd","False","False",18.0408762626844,14.1077748659211,10.251394166783,"3",3,3,"9","9",7,12,2019,18.2691922024883
"577","music","during",174,"hd","False","False",15.8209592939354,11.0304119119063,7.36201055125973,"3",3,2,"7","7",3,17,2021,17.3083666731287
"578","music","before",202,"hd","False","False",17.8456041488135,14.2019810722293,10.6902389130553,"3",3,3,"9","9",8,8,2019,18.2412012167636
"579","comedy","after",195,"hd","True","False",14.8774968974987,11.0706148207412,7.48605261786314,"3",3,2,"7","7",10,3,2021,16.564780178603
"580","comedy","during",252,"hd","True","False",16.4611017808466,14.2075762941093,10.8628377738707,"3",3,3,"9","9",10,2,2020,17.6711534795163
"581","news/politics","before",214,"hd","False","False",16.9791776436118,13.9751944726024,9.76646435636946,"3",3,3,"9","9",4,21,2019,18.3483680393411
"582","education","before",236,"sd","True","False",15.2247987725267,10.7666939133178,7.32514895795557,"3",2,2,"7","7",8,5,2019,18.2444308094981
"583","music","after",241,"hd","False","False",15.2201007745147,10.8355925767046,7.11558212618445,"3",3,2,"7","7",10,29,2021,16.4101573189654
"584","music","after",218,"hd","True","False",14.9933027206335,10.6598207775492,7.49776170062257,"3",2,2,"7","7",12,22,2021,15.9797971422416
"585","music","during",191,"hd","False","False",17.1463146594534,12.48807361101,9.11195547005478,"3",3,3,"8","8",3,5,2021,17.3392790496932
"586","education","before",652,"hd","True","False",15.0081874024844,11.0197596514311,10.0197138215043,"3",3,3,"7","9",10,16,2019,18.1681221305655
"587","comedy","during",224,"hd","True","False",16.7989252303905,14.38765609119,11.1108795049077,"3",3,3,"9","9",10,1,2020,17.6729800127721
"588","music","before",224,"hd","False","False",15.973768478761,12.1441706457137,8.7681075396758,"3",3,3,"8","8",8,30,2019,18.2184543946435
"589","comedy","before",458,"hd","True","False",16.6421049272103,12.9489809472996,9.88888140014677,"3",3,3,"9","9",6,28,2019,18.2834342302322
"590","science/tech","during",206,"hd","True","False",16.5849659389133,12.8253768188301,10.2020724723502,"3",3,3,"9","9",2,22,2021,17.3665804525627
"591","music","before",214,"hd","False","False",19.9924998927067,14.9671253960775,11.0940863218166,"3",3,3,"9","9",5,10,2019,18.3304057672098
"592","music","before",218,"hd","False","False",15.6285181778435,11.5290940461318,8.18479265416508,"3",3,3,"7","8",8,30,2019,18.218456806167
"593","comedy","during",431,"hd","True","False",15.7267474783675,13.3124447488097,9.36280391510265,"3",3,3,"9","9",10,1,2020,17.6729495763995
"594","entertainment","before",304,"hd","False","True",14.8839412638366,9.80664620108657,0,"3",2,1,"7","7",12,10,2019,18.1043355271044
"595","comedy","before",358,"hd","True","False",17.0777966536738,13.2556697447126,9.39141114686849,"3",3,3,"9","9",10,4,2019,18.1811027718106
"596","music","after",201,"hd","False","False",14.9918733908437,11.0006821701166,7.27447955877387,"3",3,2,"7","7",10,29,2021,16.4101533613284
"597","music","after",258,"hd","False","False",17.097793689388,13.3606934278741,9.76571862279123,"3",3,3,"9","9",10,19,2021,16.4696533842793
"598","education","after",21,"hd","False","False",15.9563767542901,12.6338600796428,6.59714570188665,"3",3,2,"8","7",11,27,2021,16.1985008467712
"599","science/tech","before",331,"hd","True","False",15.9504035992011,12.9724935217605,10.6488713324316,"3",3,3,"9","9",12,19,2019,18.0934897866965
"600","music","after",169,"hd","True","False",15.3261289600906,11.3353406719766,7.45298232946546,"3",3,2,"7","7",2,11,2022,15.2820909817599
"601","music","before",236,"hd","False","False",17.1672878020654,12.8058921797669,9.56941244051464,"3",3,3,"8","9",8,16,2019,18.2336761669161
"602","music","before",236,"hd","False","False",16.7384487804075,12.2823899610009,8.91704256073877,"3",3,3,"8","8",8,23,2019,18.2263577977219
"603","music","before",207,"hd","False","False",17.8761215371618,13.4619564534221,9.69547888880619,"3",3,3,"9","9",5,24,2019,18.3175577232347
"604","music","after",191,"hd","False","False",15.2497080232655,11.3750188005022,7.59940133341582,"3",3,3,"7","7",10,29,2021,16.4101546307609
